INSERT INTO "Наниматель" ("Идентификатор", "Название", "Место_расположения", "Льгота_процент")
VALUES (1, 'Рога и копыта',            'Приморск',   0),
       (2, 'ГАЗ',                      'Н.Новгород', 20),
       (3, 'Станкостроительный завод', 'Одесса',     2),
       (4, 'КИНАП',                    'Одесса',     2),
       (5, 'КРАЗ',                     'Кременчуг',  2),
       (6, 'п\я 12687-у',              'Саранск',    10);
INSERT INTO "Бюро_найма" ("Идентификатор", "Номер", "Адрес_конторы", "Плата_процент")
VALUES (1, 'N5',  'Н.Новгород', 4),
       (2, 'N4',  'Москва',     3),
       (3, 'N12', 'Киев',       11),
       (4, 'N6',  'Н.Новгород', 3),
       (5, 'N8',  'Одесса',     9);
INSERT INTO "Профессии" ("Идентификатор", "Название", "Стоимость_найма_руб", "Количество", "Прежнее_место_работы")
VALUES (1, 'Кровельщик',   10000, 7,  'Саранск'),
       (2, 'Слесарь',      15000, 6,  'Кременчуг'),
       (3, 'Счетовод',     25000, 10, 'Москва'),
       (4, 'Фрезеровщик',  20000, 7,  'Одесса'),
       (5, 'Программист',  40000, 8,  'Киев'),
       (6, 'Автоводитель', 25000, 3,  'Приморск'),
       (7, 'Шлифовальщик', 17000, 5,  'Одесса');
INSERT INTO "Трудовой_договор" ("Номер_договора", "Дата", "Наниматель", "Бюро_найма", "Профессия", "Количество_вакансий", "Оплата")
VALUES (127, '2020-01-01', 3, 4, 6, 1, 25000),
       (128, '2020-02-01', 6, 2, 1, 2, 20000),
       (129, '2020-03-01', 1, 3, 4, 1, 20000),
       (130, '2020-04-01', 2, 1, 7, 2, 34000),
       (131, '2020-04-01', 4, 4, 6, 1, 25000),
       (132, '2020-04-01', 6, 4, 1, 1, 10000),
       (133, '2020-05-01', 5, 2, 5, 3, 120000),
       (134, '2020-05-01', 3, 3, 2, 3, 45000),
       (135, '2020-05-01', 3, 4, 1, 1, 10000),
       (136, '2020-06-01', 4, 1, 3, 4, 100000),
       (137, '2020-06-01', 1, 2, 2, 3, 45000),
       (138, '2020-06-01', 1, 3, 7, 1, 17000),
       (139, '2020-06-01', 5, 4, 1, 2, 20000),
       (140, '2020-06-01', 3, 5, 2, 1, 15000),
       (141, '2020-06-01', 3, 5, 2, 1, 15000),
       (142, '2020-07-01', 4, 2, 6, 1, 25000),
       (143, '2020-08-01', 2, 2, 7, 2, 34000);